<?xml version="1.0" encoding="UTF-8"?>
<GenRun Id="synth_1" LaunchPart="xc7a100tcsg324-1" LaunchTime="1585785844">
  <File Type="PA-TCL" Name="uart_mem_interface_wrapper.tcl"/>
  <File Type="REPORTS-TCL" Name="uart_mem_interface_wrapper_reports.tcl"/>
  <File Type="RDS-RDS" Name="uart_mem_interface_wrapper.vds"/>
  <File Type="RDS-DCP" Name="uart_mem_interface_wrapper.dcp"/>
  <File Type="RDS-UTIL-PB" Name="uart_mem_interface_wrapper_utilization_synth.pb"/>
  <File Type="RDS-UTIL" Name="uart_mem_interface_wrapper_utilization_synth.rpt"/>
  <FileSet Name="sources" Type="DesignSrcs" RelSrcDir="$PSRCDIR/sources_1">
    <Filter Type="Srcs"/>
    <File Path="$PSRCDIR/sources_1/ip/uart_0/uart_0.xci">
      <FileInfo>
        <Attr Name="ImportPath" Val="$PPRDIR/../../../../../Documents/projects/nexys_uart_mem_interface/nexys_uart_mem_interface.srcs/sources_1/ip/uart_0/uart_0.xci"/>
        <Attr Name="ImportTime" Val="1585785738"/>
        <Attr Name="UsedIn" Val="synthesis"/>
        <Attr Name="UsedIn" Val="implementation"/>
        <Attr Name="UsedIn" Val="simulation"/>
      </FileInfo>
    </File>
    <File Path="$PSRCDIR/sources_1/new/uart_mem_interface.v">
      <FileInfo>
        <Attr Name="ImportPath" Val="$PPRDIR/../../../../../Documents/projects/nexys_uart_mem_interface/nexys_uart_mem_interface.srcs/sources_1/new/uart_mem_interface.v"/>
        <Attr Name="ImportTime" Val="1585785842"/>
        <Attr Name="UsedIn" Val="synthesis"/>
        <Attr Name="UsedIn" Val="implementation"/>
        <Attr Name="UsedIn" Val="simulation"/>
      </FileInfo>
    </File>
    <File Path="$PSRCDIR/sources_1/new/uart_mem_interface_wrapper.v">
      <FileInfo>
        <Attr Name="ImportPath" Val="$PPRDIR/../../../../../Documents/projects/nexys_uart_mem_interface/nexys_uart_mem_interface.srcs/sources_1/new/uart_mem_interface_wrapper.v"/>
        <Attr Name="ImportTime" Val="1585785753"/>
        <Attr Name="UsedIn" Val="synthesis"/>
        <Attr Name="UsedIn" Val="implementation"/>
        <Attr Name="UsedIn" Val="simulation"/>
      </FileInfo>
    </File>
    <Config>
      <Option Name="DesignMode" Val="RTL"/>
      <Option Name="TopModule" Val="uart_mem_interface_wrapper"/>
      <Option Name="TopAutoSet" Val="TRUE"/>
    </Config>
  </FileSet>
  <FileSet Name="constrs_in" Type="Constrs" RelSrcDir="$PSRCDIR/constrs_1">
    <Filter Type="Constrs"/>
    <File Path="$PSRCDIR/constrs_1/imports/digilent-xdc-master/Nexys-A7-100T-Master.xdc">
      <FileInfo>
        <Attr Name="ImportPath" Val="$PPRDIR/../../../../../Documents/projects/uart/uart.srcs/constrs_1/imports/digilent-xdc-master/Nexys-A7-100T-Master.xdc"/>
        <Attr Name="ImportTime" Val="1584229583"/>
        <Attr Name="UsedIn" Val="synthesis"/>
        <Attr Name="UsedIn" Val="implementation"/>
      </FileInfo>
    </File>
    <Config>
      <Option Name="ConstrsType" Val="XDC"/>
    </Config>
  </FileSet>
  <FileSet Name="utils" Type="Utils" RelSrcDir="$PSRCDIR/utils_1">
    <Filter Type="Utils"/>
    <Config>
      <Option Name="TopAutoSet" Val="TRUE"/>
    </Config>
  </FileSet>
  <Strategy Version="1" Minor="2">
    <StratHandle Name="Vivado Synthesis Defaults" Flow="Vivado Synthesis 2018"/>
    <Step Id="synth_design"/>
  </Strategy>
</GenRun>
